Name;Score;ImageNumber;X;Y;Width;Height
ORB(RGB);1.989800;0;516;153;48;96
ORB(RGB);1.692144;18;216;153;96;192
ORB(RGB);1.671437;0;368;178;32;64
ORB(RGB);1.571271;0;312;162;32;64
ORB(RGB);1.496603;46;512;169;64;128
ORB(RGB);1.373780;6;384;153;64;128
ORB(RGB);1.273614;0;492;213;48;96
ORB(RGB);1.252907;0;0;154;32;64
