Name;Score;ImageNumber;X;Y;Width;Height
ORB(RGB);1.978091;0;516;153;48;96
ORB(RGB);1.678228;18;216;153;96;192
ORB(RGB);1.662076;0;368;186;32;64
ORB(RGB);1.565125;0;312;162;32;64
ORB(RGB);1.478672;78;416;153;64;128
ORB(RGB);1.362213;6;384;153;64;128
ORB(RGB);1.355296;3616;192;153;48;96
ORB(RGB);1.301949;594;520;153;104;208
ORB(RGB);1.265262;0;492;213;48;96
ORB(RGB);1.249110;0;0;154;32;64
ORB(RGB);1.230161;918;288;154;32;64
ORB(RGB);0.949247;3682;0;154;32;64
