Name;Score;ImageNumber;X;Y;Width;Height
FAST(RGB);2.035430;4;516;165;48;96
FAST(RGB);2.003233;20;96;177;96;192
FAST(RGB);1.567665;20;400;233;64;128
FAST(RGB);1.535467;44;96;189;48;96
FAST(RGB);1.149111;0;312;170;32;64
FAST(RGB);1.088084;0;420;154;80;160
FAST(RGB);1.068615;16;368;233;64;128
FAST(RGB);0.681345;0;512;210;32;64
FAST(RGB);0.620318;16;504;297;96;192
FAST(RGB);0.600849;16;260;274;80;160
FAST(RGB);0.550263;0;48;226;32;64
FAST(RGB);0.082497;1856;480;152;120;240
