Name;Score;ImageNumber;X;Y;Width;Height
CenSurE(RGB);0.629273;0;492;189;48;96
CenSurE(RGB);0.625552;0;0;154;32;64
CenSurE(RGB);0.598361;2244;336;177;48;96
CenSurE(RGB);0.594641;1632;304;178;32;64
CenSurE(RGB);0.411949;1672;304;242;32;64
CenSurE(RGB);0.408228;1672;312;154;32;64
CenSurE(RGB);0.396025;1776;288;153;64;128
CenSurE(RGB);0.390032;1776;324;237;48;96
CenSurE(RGB);0.386311;1776;328;234;32;64
CenSurE(RGB);0.377317;1776;328;226;32;64
CenSurE(RGB);0.351546;1776;600;154;32;64
