Name;Score;ImageNumber;X;Y;Width;Height
CenSurE(RGB);0.626329;0;492;189;48;96
CenSurE(RGB);0.622815;0;48;226;32;64
CenSurE(RGB);0.594266;2244;336;177;48;96
CenSurE(RGB);0.590752;1672;272;233;64;128
CenSurE(RGB);0.410612;700;168;153;96;192
CenSurE(RGB);0.407098;700;0;154;32;64
CenSurE(RGB);0.396025;1776;288;153;64;128
CenSurE(RGB);0.387681;1776;324;237;48;96
CenSurE(RGB);0.384167;1776;328;234;32;64
CenSurE(RGB);0.375035;1776;328;226;32;64
CenSurE(RGB);0.347356;1776;592;154;32;64
