Name;Score;ImageNumber;X;Y;Width;Height
SURF(RGB);6.644300;44;448;153;64;128
SURF(RGB);5.852827;20;420;153;48;96
SURF(RGB);5.515754;20;496;153;64;128
SURF(RGB);5.023644;0;272;162;32;64
SURF(RGB);4.724281;84;420;237;48;96
SURF(RGB);4.232172;0;48;226;32;64
SURF(RGB);2.462977;4260;240;153;64;128
SURF(RGB);1.671504;4304;448;202;32;64
SURF(RGB);0.829571;4260;352;178;32;64
SURF(RGB);0.038098;1832;208;283;104;208
