Name;Score;ImageNumber;X;Y;Width;Height
FAST(RGB);217.059860;36;520;154;80;160
FAST(RGB);216.593475;16;352;152;128;256
FAST(RGB);1.199144;4;480;169;64;128
FAST(RGB);1.189158;0;312;170;32;64
FAST(RGB);0.732755;24;390;152;120;240
FAST(RGB);0.722769;0;512;210;32;64
FAST(RGB);0.673049;4;180;212;120;240
FAST(RGB);0.549974;0;48;226;32;64
FAST(RGB);0.083585;1856;360;152;120;240
